{"cameraMode":{"drawMode":0,"name":"Shaded","section":"Shading Mode"},"sceneLighting":true,"audioPlay":false,"sceneViewState":{"showFog":true,"showMaterialUpdate":false,"showSkybox":true,"showFlares":true,"showImageEffects":true,"showParticleSystems":true},"in2DMode":false,"pivot":{"x":439.2938232421875,"y":2.3074729442596437,"z":285.7754821777344},"rotation":{"x":0.019106315448880197,"y":-0.96188884973526,"z":0.0696747899055481,"w":0.2637341320514679},"size":7.15065860748291,"orthographic":false}